id,date,text,fav_count,retweet_count,userName,follower_count,location,lang,url,rawText,reaction,positive,negative,neutral
1118771139965145089,Thu Apr 18 07:00:00 +0000 2019,breaking news: australia inc. hiring! thousands working holiday jobs grabs best workpla‚Ä¶ https://t.co/o1jirlnrcs,318,75,Australia,537185,Australia,en,https://twitframe.com/show?url=https%3A%2F%2Ftwitter.com%2FAustralia%2Fstatus%2F1118771139965145089,https://twitframe.com/show?url=https%3A%2F%2Ftwitter.com%2FAustralia%2Fstatus%2F1118771139965145089,1.0,1,0,0
1117800500227977218,Mon Apr 15 14:43:01 +0000 2019,"terrible thing ‚Äúweedcraft inc.‚Äù deal with, also write article game not‚Ä¶ https://t.co/uf4ghw6gnb",141,19,_benjamming,2862,"Johannesburg, South Africa",en,https://twitframe.com/show?url=https%3A%2F%2Ftwitter.com%2F_benjamming%2Fstatus%2F1117800500227977218,https://twitframe.com/show?url=https%3A%2F%2Ftwitter.com%2F_benjamming%2Fstatus%2F1117800500227977218,-0.7,0,1,0
1118438479862456320,Wed Apr 17 08:58:07 +0000 2019,"bumping cos we're choosing 5 #smarttroyesivan winners monday, april 22 #bloomtourmnl! winner wi‚Ä¶ https://t.co/gmd20g1ha4",299,53,LiveSmart,1421392,Philippines,en,https://twitframe.com/show?url=https%3A%2F%2Ftwitter.com%2FLiveSmart%2Fstatus%2F1118438479862456320,https://twitframe.com/show?url=https%3A%2F%2Ftwitter.com%2FLiveSmart%2Fstatus%2F1118438479862456320,0.0,0,0,1
1121194517753942016,Wed Apr 24 23:29:38 +0000 2019,it‚Äôs wonderful see team landscape structures inc today show dream built.‚Ä¶ https://t.co/xd8obnbnmm,0,0,corrie817,168,"Fort Worth, TX",en,https://twitframe.com/show?url=https%3A%2F%2Ftwitter.com%2Fcorrie817%2Fstatus%2F1121194517753942016,https://twitframe.com/show?url=https%3A%2F%2Ftwitter.com%2Fcorrie817%2Fstatus%2F1121194517753942016,1.0,1,0,0
1121194253835751425,Wed Apr 24 23:28:35 +0000 2019,movie looks perfectly awful best ways ‚Äî watching octaman regal cinema inc 706 https://t.co/5vgtageno8,0,0,vallinaice,2982,tampa FL,en,https://twitframe.com/show?url=https%3A%2F%2Ftwitter.com%2Fvallinaice%2Fstatus%2F1121194253835751425,https://twitframe.com/show?url=https%3A%2F%2Ftwitter.com%2Fvallinaice%2Fstatus%2F1121194253835751425,0.0,0,0,1
1121194011115622400,Wed Apr 24 23:27:37 +0000 2019,"take @mariekondo #justkidding love work, i‚Äôm keeping books. #science #books #booklovers https://t.co/7iozfq6otk",0,0,tammybangs,513,Parker CO,en,https://twitframe.com/show?url=https%3A%2F%2Ftwitter.com%2Ftammybangs%2Fstatus%2F1121194011115622400,https://twitframe.com/show?url=https%3A%2F%2Ftwitter.com%2Ftammybangs%2Fstatus%2F1121194011115622400,0.5,1,0,0
1121193221370126337,Wed Apr 24 23:24:29 +0000 2019,"4/24 6:23 p.m. 1500 blk maple ave, aberdeen aberdeen fire department, inc. arrived location working detac‚Ä¶ https://t.co/pbcgr5nkx1",0,0,HarforCoFireEMS,7428,"Harford County, Maryland",en,https://twitframe.com/show?url=https%3A%2F%2Ftwitter.com%2FHarforCoFireEMS%2Fstatus%2F1121193221370126337,https://twitframe.com/show?url=https%3A%2F%2Ftwitter.com%2FHarforCoFireEMS%2Fstatus%2F1121193221370126337,0.0,0,0,1
1121191504968597504,Wed Apr 24 23:17:40 +0000 2019,"update 2-facebook beats profit estimates, sets aside $3 bln privacy penalty (reuters) ‚Äì facebook inc wedne‚Ä¶ https://t.co/33pcdygucd",0,0,Rocketnews1,449,,en,https://twitframe.com/show?url=https%3A%2F%2Ftwitter.com%2FRocketnews1%2Fstatus%2F1121191504968597504,https://twitframe.com/show?url=https%3A%2F%2Ftwitter.com%2FRocketnews1%2Fstatus%2F1121191504968597504,0.0,0,0,1
1121190399987658752,Wed Apr 24 23:13:16 +0000 2019,ffwa inc. delighted see senate candidate specific policy opposing fluoridation public water suppl‚Ä¶ https://t.co/970zo3n94s,0,0,FluorideFreeWA,474,Western Australia,en,https://twitframe.com/show?url=https%3A%2F%2Ftwitter.com%2FFluorideFreeWA%2Fstatus%2F1121190399987658752,https://twitframe.com/show?url=https%3A%2F%2Ftwitter.com%2FFluorideFreeWA%2Fstatus%2F1121190399987658752,0.2333333333333333,1,0,0
1121188425959395330,Wed Apr 24 23:05:26 +0000 2019,50kwp solar power system chicken farm victoria https://t.co/a2bmrzlnge canadian solar inc. goodwe‚Ä¶ https://t.co/1knjwueiuw,0,1,GreenpowerCo,210,Melbourne,en,https://twitframe.com/show?url=https%3A%2F%2Ftwitter.com%2FGreenpowerCo%2Fstatus%2F1121188425959395330,https://twitframe.com/show?url=https%3A%2F%2Ftwitter.com%2FGreenpowerCo%2Fstatus%2F1121188425959395330,-0.6,0,1,0
1121187935284494340,Wed Apr 24 23:03:29 +0000 2019,week we'll following locations: üóì thursday 04/25 11:00-02:00pm @ wakemed raleigh campus ftr - 300‚Ä¶ https://t.co/z4xyqtwlfz,0,0,jamicecream,1039,Triangle NC,en,"[{'url': 'https://t.co/z4XYQtwLfZ', 'expanded_url': 'https://twitter.com/i/web/status/1121187935284494340', 'display_url': 'twitter.com/i/web/status/1‚Ä¶', 'indices': [117, 140]}]","[{'url': 'https://t.co/z4XYQtwLfZ', 'expanded_url': 'https://twitter.com/i/web/status/1121187935284494340', 'display_url': 'twitter.com/i/web/status/1‚Ä¶', 'indices': [117, 140]}]",0.0,0,0,1
1121187567473430528,Wed Apr 24 23:02:01 +0000 2019,https://t.co/rdiegyjqms forget wednesday night meet tonight! 7-9:30pm majestic motorsports! dem‚Ä¶ https://t.co/na6xu68wyn,0,0,Majesticmsports,196,"Hubert, NC",en,"[{'url': 'https://t.co/RDIegyjqmS', 'expanded_url': 'https://www.facebook.com/events/592959367884921/', 'display_url': 'facebook.com/events/5929593‚Ä¶', 'indices': [0, 23]}, {'url': 'https://t.co/nA6xu68Wyn', 'expanded_url': 'https://twitter.com/i/web/status/1121187567473430528', 'display_url': 'twitter.com/i/web/status/1‚Ä¶', 'indices': [117, 140]}]","[{'url': 'https://t.co/RDIegyjqmS', 'expanded_url': 'https://www.facebook.com/events/592959367884921/', 'display_url': 'facebook.com/events/5929593‚Ä¶', 'indices': [0, 23]}, {'url': 'https://t.co/nA6xu68Wyn', 'expanded_url': 'https://twitter.com/i/web/status/1121187567473430528', 'display_url': 'twitter.com/i/web/status/1‚Ä¶', 'indices': [117, 140]}]",0.0,0,0,1
1121184543078330368,Wed Apr 24 22:50:00 +0000 2019,official pages iglesia ni cristo. https://t.co/c8g3er2i3n,0,0,ramirpao_inc,494,"Calamba City, Laguna",en,"[{'url': 'https://t.co/c8G3ER2I3N', 'expanded_url': 'https://www.facebook.com/1248757275/posts/10218878677298485/', 'display_url': 'facebook.com/1248757275/pos‚Ä¶', 'indices': [41, 64]}]","[{'url': 'https://t.co/c8G3ER2I3N', 'expanded_url': 'https://www.facebook.com/1248757275/posts/10218878677298485/', 'display_url': 'facebook.com/1248757275/pos‚Ä¶', 'indices': [41, 64]}]",0.0,0,0,1
1121184340761808897,Wed Apr 24 22:49:12 +0000 2019,https://t.co/pf42oiuhzc check event coming friday geek inc comics cosplay !00% accepted,0,0,Nostalgiavamp,185,chicago il,en,"[{'url': 'https://t.co/pF42oIuHzC', 'expanded_url': 'https://www.facebook.com/events/2012977549008927/', 'display_url': 'facebook.com/events/2012977‚Ä¶', 'indices': [0, 23]}]","[{'url': 'https://t.co/pF42oIuHzC', 'expanded_url': 'https://www.facebook.com/events/2012977549008927/', 'display_url': 'facebook.com/events/2012977‚Ä¶', 'indices': [0, 23]}]",0.0,0,0,1
1121183821406326785,Wed Apr 24 22:47:08 +0000 2019,"facebook cld fined much $5 bil ftc cambridge analytica. prolly boo hoo, ‚Äî here's reali‚Ä¶ https://t.co/6n9qjwzuxw",0,0,AFCC_Esq,81,Fort Llatikcuf AZ. I shit MAGA-turds even more than Donut Twitter donut holes. #StillWithHer McKinney 08/Stein 12/Stein 16,en,"[{'url': 'https://t.co/6n9qJwzuxW', 'expanded_url': 'https://twitter.com/i/web/status/1121183821406326785', 'display_url': 'twitter.com/i/web/status/1‚Ä¶', 'indices': [117, 140]}]","[{'url': 'https://t.co/6n9qJwzuxW', 'expanded_url': 'https://twitter.com/i/web/status/1121183821406326785', 'display_url': 'twitter.com/i/web/status/1‚Ä¶', 'indices': [117, 140]}]",0.2,1,0,0
1121182700759601153,Wed Apr 24 22:42:41 +0000 2019,"tri-care services, inc. one trusted partners recommend clients type p‚Ä¶ https://t.co/ksgi6q9oep",0,0,mastercleaner,1655,"Tampa, FL",en,"[{'url': 'https://t.co/kSGi6Q9oeP', 'expanded_url': 'https://twitter.com/i/web/status/1121182700759601153', 'display_url': 'twitter.com/i/web/status/1‚Ä¶', 'indices': [117, 140]}]","[{'url': 'https://t.co/kSGi6Q9oeP', 'expanded_url': 'https://twitter.com/i/web/status/1121182700759601153', 'display_url': 'twitter.com/i/web/status/1‚Ä¶', 'indices': [117, 140]}]",0.0,0,0,1
1121182199917830145,Wed Apr 24 22:40:41 +0000 2019,excited see teen hangout group growing week! it‚Äôs wonderful watch young people co‚Ä¶ https://t.co/l70bhl3awi,0,0,FI_Inc,302,"730 SW 4th St Cape Coral, FL ",en,"[{'url': 'https://t.co/l70Bhl3Awi', 'expanded_url': 'https://twitter.com/i/web/status/1121182199917830145', 'display_url': 'twitter.com/i/web/status/1‚Ä¶', 'indices': [117, 140]}]","[{'url': 'https://t.co/l70Bhl3Awi', 'expanded_url': 'https://twitter.com/i/web/status/1121182199917830145', 'display_url': 'twitter.com/i/web/status/1‚Ä¶', 'indices': [117, 140]}]",0.36875,1,0,0
1121182143231606784,Wed Apr 24 22:40:28 +0000 2019,"$fb revenue jumps u.s. privacy penalty looms, stock shoots +7.79% #facebook https://t.co/i1kaqaezhm",0,0,NewsQuantified,1838,,en,"[{'url': 'https://t.co/I1kaQAEZHm', 'expanded_url': 'https://www.newsquantified.com/fb/stock-report/facebook-inc-revenue-jumps-as-us-privacy-06e93f#app0', 'display_url': 'newsquantified.com/fb/stock-repor‚Ä¶', 'indices': [79, 102]}]","[{'url': 'https://t.co/I1kaQAEZHm', 'expanded_url': 'https://www.newsquantified.com/fb/stock-report/facebook-inc-revenue-jumps-as-us-privacy-06e93f#app0', 'display_url': 'newsquantified.com/fb/stock-repor‚Ä¶', 'indices': [79, 102]}]",0.0,0,0,1
1121180271888556032,Wed Apr 24 22:33:01 +0000 2019,"facebook, inc. ($fb) +7.66% after-hours trading today social media giant posted better expe‚Ä¶ https://t.co/do9hvh9azq",0,0,trendsonwallst,628,,en,"[{'url': 'https://t.co/DO9HvH9aZq', 'expanded_url': 'https://twitter.com/i/web/status/1121180271888556032', 'display_url': 'twitter.com/i/web/status/1‚Ä¶', 'indices': [117, 140]}]","[{'url': 'https://t.co/DO9HvH9aZq', 'expanded_url': 'https://twitter.com/i/web/status/1121180271888556032', 'display_url': 'twitter.com/i/web/status/1‚Ä¶', 'indices': [117, 140]}]",0.17777777777777778,1,0,0
1121179608341151747,Wed Apr 24 22:30:23 +0000 2019,"coming #midwaycafe #jp sunday april 28th 3pm: rawkstars inc. benefit day two w/ maiden new england,‚Ä¶ https://t.co/nbonu3tzku",1,0,themidwayjp,2584,"Jamaica Plain, MA",en,"[{'url': 'https://t.co/nBONu3tZKU', 'expanded_url': 'https://twitter.com/i/web/status/1121179608341151747', 'display_url': 'twitter.com/i/web/status/1‚Ä¶', 'indices': [116, 139]}]","[{'url': 'https://t.co/nBONu3tZKU', 'expanded_url': 'https://twitter.com/i/web/status/1121179608341151747', 'display_url': 'twitter.com/i/web/status/1‚Ä¶', 'indices': [116, 139]}]",0.13636363636363635,1,0,0
1121178865936805891,Wed Apr 24 22:27:26 +0000 2019,happening tomorrow #downtownsummerville! sure visit hanebrink jewelers inc get questions answered. https://t.co/tcfgip3wa2,0,0,SvilleDREAM,1875,"Summerville, S.C.",en,"[{'url': 'https://t.co/TcFgIP3Wa2', 'expanded_url': 'https://www.facebook.com/SummervilleDream/posts/2739291859421259', 'display_url': 'facebook.com/SummervilleDre‚Ä¶', 'indices': [116, 139]}]","[{'url': 'https://t.co/TcFgIP3Wa2', 'expanded_url': 'https://www.facebook.com/SummervilleDream/posts/2739291859421259', 'display_url': 'facebook.com/SummervilleDre‚Ä¶', 'indices': [116, 139]}]",0.5,1,0,0
1121178567436644358,Wed Apr 24 22:26:15 +0000 2019,"push forward achievement global goals, 2030 youth force philippines inc., would like to‚Ä¶ https://t.co/6ye5hin5cu",1,0,JULESguiang,5679,"Manila, Philippines",en,"[{'url': 'https://t.co/6ye5hIn5cU', 'expanded_url': 'https://twitter.com/i/web/status/1121178567436644358', 'display_url': 'twitter.com/i/web/status/1‚Ä¶', 'indices': [117, 140]}]","[{'url': 'https://t.co/6ye5hIn5cU', 'expanded_url': 'https://twitter.com/i/web/status/1121178567436644358', 'display_url': 'twitter.com/i/web/status/1‚Ä¶', 'indices': [117, 140]}]",0.0,0,0,1
1121177442326966272,Wed Apr 24 22:21:47 +0000 2019,facebook expect fined billions ftc #cambridgeanalytica #facebook inc. shares jumped late trading wedne‚Ä¶ https://t.co/mzdlsy37nq,2,0,z3r0skills,205,"Las Vegas, NV",en,"[{'url': 'https://t.co/mZDlsY37NQ', 'expanded_url': 'https://twitter.com/i/web/status/1121177442326966272', 'display_url': 'twitter.com/i/web/status/1‚Ä¶', 'indices': [117, 140]}]","[{'url': 'https://t.co/mZDlsY37NQ', 'expanded_url': 'https://twitter.com/i/web/status/1121177442326966272', 'display_url': 'twitter.com/i/web/status/1‚Ä¶', 'indices': [117, 140]}]",-0.3,0,1,0
1121176963086000129,Wed Apr 24 22:19:53 +0000 2019,"facebook expects multibillion-dollar ftc fine, stock still gains earnings facebook inc. shares jumped in‚Ä¶ https://t.co/yce87frxie",0,1,USRealityCheck,85868,USA,en,"[{'url': 'https://t.co/YcE87FRXIe', 'expanded_url': 'https://twitter.com/i/web/status/1121176963086000129', 'display_url': 'twitter.com/i/web/status/1‚Ä¶', 'indices': [116, 139]}]","[{'url': 'https://t.co/YcE87FRXIe', 'expanded_url': 'https://twitter.com/i/web/status/1121176963086000129', 'display_url': 'twitter.com/i/web/status/1‚Ä¶', 'indices': [116, 139]}]",0.4166666666666667,1,0,0
1121176393063251968,Wed Apr 24 22:17:37 +0000 2019,"checkout latest work elliot peter guilbe , josmar trujillo, anthony posada, alex vitale , man inc. and‚Ä¶ https://t.co/kefrlvjznh",0,0,TheNoticeBlog,750,NYC,en,"[{'url': 'https://t.co/KeFrlVJZNH', 'expanded_url': 'https://twitter.com/i/web/status/1121176393063251968', 'display_url': 'twitter.com/i/web/status/1‚Ä¶', 'indices': [116, 139]}]","[{'url': 'https://t.co/KeFrlVJZNH', 'expanded_url': 'https://twitter.com/i/web/status/1121176393063251968', 'display_url': 'twitter.com/i/web/status/1‚Ä¶', 'indices': [116, 139]}]",0.5,1,0,0
1121175586590748672,Wed Apr 24 22:14:24 +0000 2019,"career opportunity news reporter/associate editor verde valley newspapers, inc., cottonwood, az, immediat‚Ä¶ https://t.co/qnc9mx2vkl",0,0,VerdeNews,1487,"Cottonwood, Arizona",en,"[{'url': 'https://t.co/qnC9MX2vKl', 'expanded_url': 'https://twitter.com/i/web/status/1121175586590748672', 'display_url': 'twitter.com/i/web/status/1‚Ä¶', 'indices': [117, 140]}]","[{'url': 'https://t.co/qnC9MX2vKl', 'expanded_url': 'https://twitter.com/i/web/status/1121175586590748672', 'display_url': 'twitter.com/i/web/status/1‚Ä¶', 'indices': [117, 140]}]",0.0,0,0,1
1121174752108982272,Wed Apr 24 22:11:05 +0000 2019,still spots available! book today! üå∫üå∑üå∏ https://t.co/lbg1giiyf7,0,0,FSF_INC,56,,en,"[{'url': 'https://t.co/lbg1gIiYF7', 'expanded_url': 'https://www.facebook.com/FriendsofSimcoeForests/posts/2354308894848220', 'display_url': 'facebook.com/FriendsofSimco‚Ä¶', 'indices': [55, 78]}]","[{'url': 'https://t.co/lbg1gIiYF7', 'expanded_url': 'https://www.facebook.com/FriendsofSimcoeForests/posts/2354308894848220', 'display_url': 'facebook.com/FriendsofSimco‚Ä¶', 'indices': [55, 78]}]",0.625,1,0,0
1121174511339167745,Wed Apr 24 22:10:08 +0000 2019,"üéØ lamar's birthday fundraiser lake scugog united church camp, inc. üéØ donations lake scugog united church cam‚Ä¶ https://t.co/7cmdaepcae",1,1,ididitucan,43707,Vancouver,en,"[{'url': 'https://t.co/7CMDAEPcAE', 'expanded_url': 'https://twitter.com/i/web/status/1121174511339167745', 'display_url': 'twitter.com/i/web/status/1‚Ä¶', 'indices': [117, 140]}]","[{'url': 'https://t.co/7CMDAEPcAE', 'expanded_url': 'https://twitter.com/i/web/status/1121174511339167745', 'display_url': 'twitter.com/i/web/status/1‚Ä¶', 'indices': [117, 140]}]",0.0,0,0,1
1121172211530784768,Wed Apr 24 22:01:00 +0000 2019,"war face wednesday!!!! k9 enzo f3 tactical, inc. https://t.co/psmmnjktee #warfacewednesday #goodjobenzo",2,2,F3Tactical,3265,"14231 Willard Road, VA 20151",en,"[{'url': 'https://t.co/psmMNjKteE', 'expanded_url': 'https://business.facebook.com/194913677278897/posts/1638778012892449/', 'display_url': 'business.facebook.com/19491367727889‚Ä¶', 'indices': [59, 82]}]","[{'url': 'https://t.co/psmMNjKteE', 'expanded_url': 'https://business.facebook.com/194913677278897/posts/1638778012892449/', 'display_url': 'business.facebook.com/19491367727889‚Ä¶', 'indices': [59, 82]}]",0.0,0,0,1
1121171990193352706,Wed Apr 24 22:00:07 +0000 2019,quit facebook without giving try first https://t.co/mmxp6kblde,0,0,bloggersinusa,4679,United States,en,"[{'url': 'https://t.co/Mmxp6kBlDe', 'expanded_url': 'https://www.inc.com/john-white/dont-quit-facebook-without-giving-this-a-try-first.html', 'display_url': 'inc.com/john-white/don‚Ä¶', 'indices': [52, 75]}]","[{'url': 'https://t.co/Mmxp6kBlDe', 'expanded_url': 'https://www.inc.com/john-white/dont-quit-facebook-without-giving-this-a-try-first.html', 'display_url': 'inc.com/john-white/don‚Ä¶', 'indices': [52, 75]}]",0.25,1,0,0
1121170119508594691,Wed Apr 24 21:52:41 +0000 2019,"facebook inc. shares jumped late trading wednesday, even company said expects pay multibillion-do‚Ä¶ https://t.co/wnokcsemqq",0,0,allfinancialonl,102,,en,"[{'url': 'https://t.co/wNoKCSeMQq', 'expanded_url': 'https://twitter.com/i/web/status/1121170119508594691', 'display_url': 'twitter.com/i/web/status/1‚Ä¶', 'indices': [117, 140]}]","[{'url': 'https://t.co/wNoKCSeMQq', 'expanded_url': 'https://twitter.com/i/web/status/1121170119508594691', 'display_url': 'twitter.com/i/web/status/1‚Ä¶', 'indices': [117, 140]}]",-0.3,0,1,0
1121170106690744321,Wed Apr 24 21:52:38 +0000 2019,facebook inc wednesday blew away wall street profit estimates first quarter kept lid costs‚Ä¶ https://t.co/6sgidgbfkb,0,0,allfinancialonl,102,,en,"[{'url': 'https://t.co/6sGIdGBfKb', 'expanded_url': 'https://twitter.com/i/web/status/1121170106690744321', 'display_url': 'twitter.com/i/web/status/1‚Ä¶', 'indices': [117, 140]}]","[{'url': 'https://t.co/6sGIdGBfKb', 'expanded_url': 'https://twitter.com/i/web/status/1121170106690744321', 'display_url': 'twitter.com/i/web/status/1‚Ä¶', 'indices': [117, 140]}]",0.25,1,0,0
1121169426106257413,Wed Apr 24 21:49:56 +0000 2019,"#facebook, inc. (nasdaq: fb) today reported financial results quarter ended march 31, 2019. https://t.co/jseajrjjnc",0,0,FinanJournal,16821,"Antwerpen, Belgi√´",en,"[{'url': 'https://t.co/jsEaJrjjnC', 'expanded_url': 'http://www.financialjournal.nl', 'display_url': 'financialjournal.nl', 'indices': [109, 132]}]","[{'url': 'https://t.co/jsEaJrjjnC', 'expanded_url': 'http://www.financialjournal.nl', 'display_url': 'financialjournal.nl', 'indices': [109, 132]}]",0.0,0,0,1
1121168584560893952,Wed Apr 24 21:46:35 +0000 2019,"facebook beats profit estimates, sets aside $3 billion privacy penalty: facebook inc wednesday blew away wal‚Ä¶ https://t.co/jepvg0n1gl",0,1,cahulaan,13059,"√úT: 48.195723,-122.119899",en,"[{'url': 'https://t.co/JePVG0n1Gl', 'expanded_url': 'https://twitter.com/i/web/status/1121168584560893952', 'display_url': 'twitter.com/i/web/status/1‚Ä¶', 'indices': [117, 140]}]","[{'url': 'https://t.co/JePVG0n1Gl', 'expanded_url': 'https://twitter.com/i/web/status/1121168584560893952', 'display_url': 'twitter.com/i/web/status/1‚Ä¶', 'indices': [117, 140]}]",0.0,0,0,1
1121168175117238273,Wed Apr 24 21:44:57 +0000 2019,fabulous lunch today hosted modern builders supply! perfect way spend time amazing women willing sh‚Ä¶ https://t.co/iudtparqcp,0,0,hbalansing,190,"Okemos, MI",en,"[{'url': 'https://t.co/IUdTpaRQcp', 'expanded_url': 'https://twitter.com/i/web/status/1121168175117238273', 'display_url': 'twitter.com/i/web/status/1‚Ä¶', 'indices': [117, 140]}]","[{'url': 'https://t.co/IUdTpaRQcp', 'expanded_url': 'https://twitter.com/i/web/status/1121168175117238273', 'display_url': 'twitter.com/i/web/status/1‚Ä¶', 'indices': [117, 140]}]",0.5,1,0,0
1121167716520550401,Wed Apr 24 21:43:08 +0000 2019,good ole days! https://t.co/jgjeo8hjtd,0,0,QC_Inc,5926,"Charlotte, North Carolina",en,"[{'url': 'https://t.co/JGJeo8hjTD', 'expanded_url': 'https://www.facebook.com/story.php?story_fbid=10213968672066168&id=1091102871', 'display_url': 'facebook.com/story.php?stor‚Ä¶', 'indices': [20, 43]}]","[{'url': 'https://t.co/JGJeo8hjTD', 'expanded_url': 'https://www.facebook.com/story.php?story_fbid=10213968672066168&id=1091102871', 'display_url': 'facebook.com/story.php?stor‚Ä¶', 'indices': [20, 43]}]",0.875,1,0,0
1121167605937524736,Wed Apr 24 21:42:42 +0000 2019,"thankful amazing support hiley subaru subaru america, inc.! amazing group‚Ä¶ https://t.co/mmhacanhlu",0,0,SavingHopeTx,464,"Fort Worth, TX",en,"[{'url': 'https://t.co/mmHAcANHLU', 'expanded_url': 'https://twitter.com/i/web/status/1121167605937524736', 'display_url': 'twitter.com/i/web/status/1‚Ä¶', 'indices': [117, 140]}]","[{'url': 'https://t.co/mmHAcANHLU', 'expanded_url': 'https://twitter.com/i/web/status/1121167605937524736', 'display_url': 'twitter.com/i/web/status/1‚Ä¶', 'indices': [117, 140]}]",0.675,1,0,0
1121167427155288065,Wed Apr 24 21:41:59 +0000 2019,"day 1, done: motr fundamentalsüëç awesome group &amp; wonderful way kick pot londonüòä‚ù§Ô∏è #balancedbody #pilates‚Ä¶ https://t.co/wk8tcjqocf",0,0,portiapage,2807,,en,"[{'url': 'https://t.co/Wk8tcjqoCf', 'expanded_url': 'https://twitter.com/i/web/status/1121167427155288065', 'display_url': 'twitter.com/i/web/status/1‚Ä¶', 'indices': [116, 139]}]","[{'url': 'https://t.co/Wk8tcjqoCf', 'expanded_url': 'https://twitter.com/i/web/status/1121167427155288065', 'display_url': 'twitter.com/i/web/status/1‚Ä¶', 'indices': [116, 139]}]",1.0,1,0,0
1121167150373396484,Wed Apr 24 21:40:53 +0000 2019,"april 24th, 2019 memorandum support re: a2477 (englebright) / s2156 (kaminsky) dear new york legislators, b‚Ä¶ https://t.co/rdjon4ihon",0,0,NYBeeSanctuary,1675,New York State,en,"[{'url': 'https://t.co/RdJoN4IhOn', 'expanded_url': 'https://twitter.com/i/web/status/1121167150373396484', 'display_url': 'twitter.com/i/web/status/1‚Ä¶', 'indices': [117, 140]}]","[{'url': 'https://t.co/RdJoN4IhOn', 'expanded_url': 'https://twitter.com/i/web/status/1121167150373396484', 'display_url': 'twitter.com/i/web/status/1‚Ä¶', 'indices': [117, 140]}]",0.13636363636363635,1,0,0
1121165905956888579,Wed Apr 24 21:35:56 +0000 2019,"facebook inc. shares jumped late trading wednesday, even company said expects pay multibillion-do‚Ä¶ https://t.co/vxvxzykbmo",0,0,NoBigGovDuh,2795,"New Jersey, USA",en,"[{'url': 'https://t.co/VxvxZYkbmO', 'expanded_url': 'https://twitter.com/i/web/status/1121165905956888579', 'display_url': 'twitter.com/i/web/status/1‚Ä¶', 'indices': [117, 140]}]","[{'url': 'https://t.co/VxvxZYkbmO', 'expanded_url': 'https://twitter.com/i/web/status/1121165905956888579', 'display_url': 'twitter.com/i/web/status/1‚Ä¶', 'indices': [117, 140]}]",-0.3,0,1,0
1121164988658388992,Wed Apr 24 21:32:18 +0000 2019,fabulous luncheon hosted modern builders supply! always great share learn wonderful women! ‚Äî‚Ä¶ https://t.co/dmltqklwao,0,0,hbalansing,190,"Okemos, MI",en,"[{'url': 'https://t.co/DmltQkLwAo', 'expanded_url': 'https://twitter.com/i/web/status/1121164988658388992', 'display_url': 'twitter.com/i/web/status/1‚Ä¶', 'indices': [117, 140]}]","[{'url': 'https://t.co/DmltQkLwAo', 'expanded_url': 'https://twitter.com/i/web/status/1121164988658388992', 'display_url': 'twitter.com/i/web/status/1‚Ä¶', 'indices': [117, 140]}]",0.6125,1,0,0
1121164269754646528,Wed Apr 24 21:29:26 +0000 2019,like us facebook https://t.co/mdb5uennl2 ... #oakland #hustle #warriors,1,0,bonelark,787,"Oakland, Ca",en,"[{'url': 'https://t.co/MDb5UENnl2', 'expanded_url': 'https://www.facebook.com/pages/Gotit-Inc-Records/116916188369421', 'display_url': 'facebook.com/pages/Gotit-In‚Ä¶', 'indices': [20, 43]}]","[{'url': 'https://t.co/MDb5UENnl2', 'expanded_url': 'https://www.facebook.com/pages/Gotit-Inc-Records/116916188369421', 'display_url': 'facebook.com/pages/Gotit-In‚Ä¶', 'indices': [20, 43]}]",0.0,0,0,1
1121163966930214912,Wed Apr 24 21:28:14 +0000 2019,clonefluence inc. one followers! thanks clonefluence inc. please follow official fb page at‚Ä¶ https://t.co/eujms5nan4,1,1,RealRamirez,1591,"Hanford,ca 93230",en,"[{'url': 'https://t.co/eUJmS5NAN4', 'expanded_url': 'https://twitter.com/i/web/status/1121163966930214912', 'display_url': 'twitter.com/i/web/status/1‚Ä¶', 'indices': [113, 136]}]","[{'url': 'https://t.co/eUJmS5NAN4', 'expanded_url': 'https://twitter.com/i/web/status/1121163966930214912', 'display_url': 'twitter.com/i/web/status/1‚Ä¶', 'indices': [113, 136]}]",0.2,1,0,0
1121163485717716993,Wed Apr 24 21:26:19 +0000 2019,"i.k. hofmann usa, inc. manufacturing operator salary: $11.50 /hour employee would first start contract emplo‚Ä¶ https://t.co/ry2nivhwqu",0,0,NWGA_depot,44,,en,"[{'url': 'https://t.co/Ry2NIVhWQu', 'expanded_url': 'https://twitter.com/i/web/status/1121163485717716993', 'display_url': 'twitter.com/i/web/status/1‚Ä¶', 'indices': [117, 140]}]","[{'url': 'https://t.co/Ry2NIVhWQu', 'expanded_url': 'https://twitter.com/i/web/status/1121163485717716993', 'display_url': 'twitter.com/i/web/status/1‚Ä¶', 'indices': [117, 140]}]",0.25,1,0,0
1121163221128359937,Wed Apr 24 21:25:16 +0000 2019,newest art-daily spread created art daily cafe finnabair prima marketing inc. 7 dots studio product‚Ä¶ https://t.co/saenethcqq,0,0,TusiaLech,162,"Warsaw, Poland",en,"[{'url': 'https://t.co/saEnEthCqQ', 'expanded_url': 'https://twitter.com/i/web/status/1121163221128359937', 'display_url': 'twitter.com/i/web/status/1‚Ä¶', 'indices': [117, 140]}]","[{'url': 'https://t.co/saEnEthCqQ', 'expanded_url': 'https://twitter.com/i/web/status/1121163221128359937', 'display_url': 'twitter.com/i/web/status/1‚Ä¶', 'indices': [117, 140]}]",0.0,0,0,1
1121163010117005313,Wed Apr 24 21:24:26 +0000 2019,"ok foods, inc.'s ceo, trent goins, keynote speaker prime: mid-year event. event free; h‚Ä¶ https://t.co/jqcn8hckuy",0,0,okfoods,179,"Fort Smith, Arkansas",en,"[{'url': 'https://t.co/jQCn8HckUy', 'expanded_url': 'https://twitter.com/i/web/status/1121163010117005313', 'display_url': 'twitter.com/i/web/status/1‚Ä¶', 'indices': [117, 140]}]","[{'url': 'https://t.co/jQCn8HckUy', 'expanded_url': 'https://twitter.com/i/web/status/1121163010117005313', 'display_url': 'twitter.com/i/web/status/1‚Ä¶', 'indices': [117, 140]}]",0.45,1,0,0
1121162295709708290,Wed Apr 24 21:21:36 +0000 2019,update 1-facebook revenue jumps u.s. privacy penalty looms (reuters) ‚Äì facebook inc beat analysts‚Äô estimates f‚Ä¶ https://t.co/8lkywcywrv,0,0,Rocketnews1,449,,en,"[{'url': 'https://t.co/8LkYwCywRv', 'expanded_url': 'https://twitter.com/i/web/status/1121162295709708290', 'display_url': 'twitter.com/i/web/status/1‚Ä¶', 'indices': [117, 140]}]","[{'url': 'https://t.co/8LkYwCywRv', 'expanded_url': 'https://twitter.com/i/web/status/1121162295709708290', 'display_url': 'twitter.com/i/web/status/1‚Ä¶', 'indices': [117, 140]}]",0.0,0,0,1
1121162282870947842,Wed Apr 24 21:21:33 +0000 2019,update 1-facebook revenue jumps u.s. privacy penalty looms (reuters) ‚Äì facebook inc beat analysts‚Äô estimates f‚Ä¶ https://t.co/ybjn6kvmr2,0,0,Rocketnews1,449,,en,"[{'url': 'https://t.co/YbJN6kvmR2', 'expanded_url': 'https://twitter.com/i/web/status/1121162282870947842', 'display_url': 'twitter.com/i/web/status/1‚Ä¶', 'indices': [117, 140]}]","[{'url': 'https://t.co/YbJN6kvmR2', 'expanded_url': 'https://twitter.com/i/web/status/1121162282870947842', 'display_url': 'twitter.com/i/web/status/1‚Ä¶', 'indices': [117, 140]}]",0.0,0,0,1
1121162282522882051,Wed Apr 24 21:21:32 +0000 2019,update 1-facebook revenue jumps u.s. privacy penalty looms (reuters) ‚Äì facebook inc beat analysts‚Äô estimates f‚Ä¶ https://t.co/jk7koudi5d,0,0,Rocketnews1,449,,en,"[{'url': 'https://t.co/jk7kOuDi5D', 'expanded_url': 'https://twitter.com/i/web/status/1121162282522882051', 'display_url': 'twitter.com/i/web/status/1‚Ä¶', 'indices': [117, 140]}]","[{'url': 'https://t.co/jk7kOuDi5D', 'expanded_url': 'https://twitter.com/i/web/status/1121162282522882051', 'display_url': 'twitter.com/i/web/status/1‚Ä¶', 'indices': [117, 140]}]",0.0,0,0,1
1121162177019293697,Wed Apr 24 21:21:07 +0000 2019,refile-facebook revenue jumps u.s. privacy penalty looms (refiles add date 4th paragraph) april 24 (reu‚Ä¶ https://t.co/expyruyyzl,0,0,Rocketnews1,449,,en,"[{'url': 'https://t.co/ExPYRUYYZl', 'expanded_url': 'https://twitter.com/i/web/status/1121162177019293697', 'display_url': 'twitter.com/i/web/status/1‚Ä¶', 'indices': [117, 140]}]","[{'url': 'https://t.co/ExPYRUYYZl', 'expanded_url': 'https://twitter.com/i/web/status/1121162177019293697', 'display_url': 'twitter.com/i/web/status/1‚Ä¶', 'indices': [117, 140]}]",0.0,0,0,1
1121162175052222464,Wed Apr 24 21:21:07 +0000 2019,refile-facebook revenue jumps u.s. privacy penalty looms (refiles add date 4th paragraph) april 24 (reu‚Ä¶ https://t.co/temqwpllco,0,0,Rocketnews1,449,,en,"[{'url': 'https://t.co/TemQWpLlcO', 'expanded_url': 'https://twitter.com/i/web/status/1121162175052222464', 'display_url': 'twitter.com/i/web/status/1‚Ä¶', 'indices': [117, 140]}]","[{'url': 'https://t.co/TemQWpLlcO', 'expanded_url': 'https://twitter.com/i/web/status/1121162175052222464', 'display_url': 'twitter.com/i/web/status/1‚Ä¶', 'indices': [117, 140]}]",0.0,0,0,1
1121162173659734017,Wed Apr 24 21:21:07 +0000 2019,refile-facebook revenue jumps u.s. privacy penalty looms (refiles add date 4th paragraph) april 24 (reu‚Ä¶ https://t.co/cmw4jj1x7s,0,0,Rocketnews1,449,,en,"[{'url': 'https://t.co/Cmw4JJ1X7S', 'expanded_url': 'https://twitter.com/i/web/status/1121162173659734017', 'display_url': 'twitter.com/i/web/status/1‚Ä¶', 'indices': [117, 140]}]","[{'url': 'https://t.co/Cmw4JJ1X7S', 'expanded_url': 'https://twitter.com/i/web/status/1121162173659734017', 'display_url': 'twitter.com/i/web/status/1‚Ä¶', 'indices': [117, 140]}]",0.0,0,0,1
1121161717889871873,Wed Apr 24 21:19:18 +0000 2019,post emphasizes point community essential healthier happier. offers helpful‚Ä¶ https://t.co/ct1uk9ncqj,0,0,healthredesign,279,"Calgary, Alberta",en,"[{'url': 'https://t.co/ct1uk9NCqJ', 'expanded_url': 'https://twitter.com/i/web/status/1121161717889871873', 'display_url': 'twitter.com/i/web/status/1‚Ä¶', 'indices': [116, 139]}]","[{'url': 'https://t.co/ct1uk9NCqJ', 'expanded_url': 'https://twitter.com/i/web/status/1121161717889871873', 'display_url': 'twitter.com/i/web/status/1‚Ä¶', 'indices': [116, 139]}]",0.05,1,0,0
1121160970901053440,Wed Apr 24 21:16:20 +0000 2019,never disappointment ty's car cleaning inc. ‚Äî ty's car cleaning inc. https://t.co/l5ulvmygkr,0,0,THEWAYHOMECA,392,Halifax,en,"[{'url': 'https://t.co/l5ULVmyGKr', 'expanded_url': 'https://www.facebook.com/656117817/posts/10158604155372818/', 'display_url': 'facebook.com/656117817/post‚Ä¶', 'indices': [74, 97]}]","[{'url': 'https://t.co/l5ULVmyGKr', 'expanded_url': 'https://www.facebook.com/656117817/posts/10158604155372818/', 'display_url': 'facebook.com/656117817/post‚Ä¶', 'indices': [74, 97]}]",0.3,1,0,0
1121160174365020161,Wed Apr 24 21:13:10 +0000 2019,facebook sets aside $5 billion potential ftc fine - facebook inc. beat analysts‚Äô estimates‚Ä¶ https://t.co/cg0djmwqds,0,0,elementartyy,32,United States,en,"[{'url': 'https://t.co/cG0dJMwqDs', 'expanded_url': 'https://twitter.com/i/web/status/1121160174365020161', 'display_url': 'twitter.com/i/web/status/1‚Ä¶', 'indices': [117, 140]}]","[{'url': 'https://t.co/cG0dJMwqDs', 'expanded_url': 'https://twitter.com/i/web/status/1121160174365020161', 'display_url': 'twitter.com/i/web/status/1‚Ä¶', 'indices': [117, 140]}]",0.20833333333333334,1,0,0
1121159474838933508,Wed Apr 24 21:10:23 +0000 2019,$fb facebook inc. shares jumped late trading wednesday. https://t.co/fxvzcvhziv,0,0,stocknewsdotcom,1330,NJ / CA,en,"[{'url': 'https://t.co/FXVZcVHZIV', 'expanded_url': 'https://stocknews.com/news/fb-facebook-fb-reports-q1-earnings-shares-surge/', 'display_url': 'stocknews.com/news/fb-facebo‚Ä¶', 'indices': [59, 82]}]","[{'url': 'https://t.co/FXVZcVHZIV', 'expanded_url': 'https://stocknews.com/news/fb-facebook-fb-reports-q1-earnings-shares-surge/', 'display_url': 'stocknews.com/news/fb-facebo‚Ä¶', 'indices': [59, 82]}]",-0.3,0,1,0
1121159381457014784,Wed Apr 24 21:10:01 +0000 2019,"facebook inc.‚Äôs first-quarter revenue rose better-than-projected 26 percent, underscoring strength lar‚Ä¶ https://t.co/zjbrj3bvcz",0,0,TiyaniTee,6506,South Africa,en,"[{'url': 'https://t.co/zjbRJ3bvCZ', 'expanded_url': 'https://twitter.com/i/web/status/1121159381457014784', 'display_url': 'twitter.com/i/web/status/1‚Ä¶', 'indices': [117, 140]}]","[{'url': 'https://t.co/zjbRJ3bvCZ', 'expanded_url': 'https://twitter.com/i/web/status/1121159381457014784', 'display_url': 'twitter.com/i/web/status/1‚Ä¶', 'indices': [117, 140]}]",0.6,1,0,0
1121159061972582401,Wed Apr 24 21:08:45 +0000 2019,leaving home....aaron lewis cd player chillin drive home ‚Äî deca inc. https://t.co/rq80sakah6,0,0,SuzyQ316,102,"Lovettsville, VA",en,"[{'url': 'https://t.co/rQ80SAKAh6', 'expanded_url': 'https://www.facebook.com/568972490/posts/10157230297627491/', 'display_url': 'facebook.com/568972490/post‚Ä¶', 'indices': [94, 117]}]","[{'url': 'https://t.co/rQ80SAKAh6', 'expanded_url': 'https://www.facebook.com/568972490/posts/10157230297627491/', 'display_url': 'facebook.com/568972490/post‚Ä¶', 'indices': [94, 117]}]",0.0,0,0,1
1121158703288160258,Wed Apr 24 21:07:19 +0000 2019,excellent tour kmglife inc. today! top notch staff studio ‚Äî kmglife inc. https://t.co/qk9yprqdu5,0,0,TheRealDJSax,945,USA,en,"[{'url': 'https://t.co/Qk9yPRQDU5', 'expanded_url': 'https://www.facebook.com/100004551060775/posts/1180546108773747/', 'display_url': 'facebook.com/10000455106077‚Ä¶', 'indices': [85, 108]}]","[{'url': 'https://t.co/Qk9yPRQDU5', 'expanded_url': 'https://www.facebook.com/100004551060775/posts/1180546108773747/', 'display_url': 'facebook.com/10000455106077‚Ä¶', 'indices': [85, 108]}]",0.75,1,0,0
1121157904319512578,Wed Apr 24 21:04:09 +0000 2019,"facebook inc (fb) price close, 2019-04-24, 182.84.",0,0,Stocks_ai,9,"California, USA",en,[],[],0.0,0,0,1
1121157626379681799,Wed Apr 24 21:03:02 +0000 2019,"newswatch: facebook expects multibillion-dollar ftc fine, stock still gains earnings: facebook inc. share‚Ä¶ https://t.co/5qopa2zgs5",0,0,FinanzLinksCom,1101,,en,"[{'url': 'https://t.co/5qopa2zgs5', 'expanded_url': 'https://twitter.com/i/web/status/1121157626379681799', 'display_url': 'twitter.com/i/web/status/1‚Ä¶', 'indices': [117, 140]}]","[{'url': 'https://t.co/5qopa2zgs5', 'expanded_url': 'https://twitter.com/i/web/status/1121157626379681799', 'display_url': 'twitter.com/i/web/status/1‚Ä¶', 'indices': [117, 140]}]",0.4166666666666667,1,0,0
1121157462407753728,Wed Apr 24 21:02:23 +0000 2019,"facebook inc (fb) price close, 2019-04-24, 182.84.",0,0,andreinaJostle,2,"Ottawa, Ontario",en,[],[],0.0,0,0,1
1121156950639640579,Wed Apr 24 21:00:21 +0000 2019,"facebook inc (fb) price close, 2019-04-24, 182.84.",0,0,lestocksreport,15,"New York, USA",en,[],[],0.0,0,0,1
1121156939021463555,Wed Apr 24 21:00:19 +0000 2019,facebook inc beats analysts' estimates quarterly revenue 2019 could face fine $5 bn us privacy probe,0,1,TRTWorldNow,37265,"Istanbul, Turkey",en,[],[],0.4166666666666667,1,0,0
1121156931715047424,Wed Apr 24 21:00:17 +0000 2019,"facebook inc (fb) price close, 2019-04-24, 182.84. https://t.co/yvq84hncrd",0,0,FBStockNews,155,,en,"[{'url': 'https://t.co/YVQ84HnCRd', 'expanded_url': 'http://bit.ly/18TCxBC', 'display_url': 'bit.ly/18TCxBC', 'indices': [57, 80]}]","[{'url': 'https://t.co/YVQ84HnCRd', 'expanded_url': 'http://bit.ly/18TCxBC', 'display_url': 'bit.ly/18TCxBC', 'indices': [57, 80]}]",0.0,0,0,1
1121156908654657536,Wed Apr 24 21:00:11 +0000 2019,"update windows polyvision smart glass polytronix, inc. #hospitality #hotel #office #boardroom‚Ä¶ https://t.co/mjekr0ster",0,0,PolytronixGlass,194,"Richardson, Texas",en,"[{'url': 'https://t.co/mjeKr0steR', 'expanded_url': 'https://twitter.com/i/web/status/1121156908654657536', 'display_url': 'twitter.com/i/web/status/1‚Ä¶', 'indices': [110, 133]}]","[{'url': 'https://t.co/mjeKr0steR', 'expanded_url': 'https://twitter.com/i/web/status/1121156908654657536', 'display_url': 'twitter.com/i/web/status/1‚Ä¶', 'indices': [110, 133]}]",0.21428571428571427,1,0,0
1121155990823399424,Wed Apr 24 20:56:32 +0000 2019,"7-eleven ‚Äî‚Äî‚Äî gloucester, virginia download om investment highlights investment grade tenant: lease guaranteed by‚Ä¶ https://t.co/sbaagoc11z",0,0,SoCalHappy_RE,1442,"Los Angeles, CA",en,"[{'url': 'https://t.co/SbAagOc11z', 'expanded_url': 'https://twitter.com/i/web/status/1121155990823399424', 'display_url': 'twitter.com/i/web/status/1‚Ä¶', 'indices': [117, 140]}]","[{'url': 'https://t.co/SbAagOc11z', 'expanded_url': 'https://twitter.com/i/web/status/1121155990823399424', 'display_url': 'twitter.com/i/web/status/1‚Ä¶', 'indices': [117, 140]}]",0.0,0,0,1
1121155890344808448,Wed Apr 24 20:56:08 +0000 2019,"stock alert fb - facebook, inc. - class common stock alert type: daily percent price change value hit: 5.47%‚Ä¶ https://t.co/urufu40uti",0,0,StockAlerts,86,,en,"[{'url': 'https://t.co/urUFU40uTi', 'expanded_url': 'https://twitter.com/i/web/status/1121155890344808448', 'display_url': 'twitter.com/i/web/status/1‚Ä¶', 'indices': [116, 139]}]","[{'url': 'https://t.co/urUFU40uTi', 'expanded_url': 'https://twitter.com/i/web/status/1121155890344808448', 'display_url': 'twitter.com/i/web/status/1‚Ä¶', 'indices': [116, 139]}]",-0.15,0,1,0
1121154869245693953,Wed Apr 24 20:52:05 +0000 2019,like us facebook https://t.co/mdb5uennl2,0,0,bonelark,787,"Oakland, Ca",en,"[{'url': 'https://t.co/MDb5UENnl2', 'expanded_url': 'https://www.facebook.com/pages/Gotit-Inc-Records/116916188369421', 'display_url': 'facebook.com/pages/Gotit-In‚Ä¶', 'indices': [20, 43]}]","[{'url': 'https://t.co/MDb5UENnl2', 'expanded_url': 'https://www.facebook.com/pages/Gotit-Inc-Records/116916188369421', 'display_url': 'facebook.com/pages/Gotit-In‚Ä¶', 'indices': [20, 43]}]",0.0,0,0,1
1121153865397743618,Wed Apr 24 20:48:06 +0000 2019,quit facebook without giving try first https://t.co/ym7co30hcm #fbp,1,0,PubNBlogLl,19442,"Fort Collins, CO",en,"[{'url': 'https://t.co/ym7cO30hCM', 'expanded_url': 'https://www.inc.com/john-white/dont-quit-facebook-without-giving-this-a-try-first.html', 'display_url': 'inc.com/john-white/don‚Ä¶', 'indices': [52, 75]}]","[{'url': 'https://t.co/ym7cO30hCM', 'expanded_url': 'https://www.inc.com/john-white/dont-quit-facebook-without-giving-this-a-try-first.html', 'display_url': 'inc.com/john-white/don‚Ä¶', 'indices': [52, 75]}]",0.25,1,0,0
1121153280548245505,Wed Apr 24 20:45:46 +0000 2019,facebook revenue jumps u.s. privacy penalty looms: facebook inc beat analysts' estimates‚Ä¶ https://t.co/gdw3fflnce,0,0,Feedjunkie,1961,World,en,"[{'url': 'https://t.co/GDW3FflNCE', 'expanded_url': 'https://goo.gl/fb/B2rwGd', 'display_url': 'goo.gl/fb/B2rwGd', 'indices': [93, 116]}]","[{'url': 'https://t.co/GDW3FflNCE', 'expanded_url': 'https://goo.gl/fb/B2rwGd', 'display_url': 'goo.gl/fb/B2rwGd', 'indices': [93, 116]}]",0.0,0,0,1
1121153062960336896,Wed Apr 24 20:44:54 +0000 2019,attending north raleigh chamber's business business raleigh racquet club inc https://t.co/qbspgdomuf,0,0,justcallscottie,726,"Wake Forest, NC",en,"[{'url': 'https://t.co/QBsPGdomUF', 'expanded_url': 'https://www.facebook.com/512719286/posts/10157211334549287/', 'display_url': 'facebook.com/512719286/post‚Ä¶', 'indices': [86, 109]}]","[{'url': 'https://t.co/QBsPGdomUF', 'expanded_url': 'https://www.facebook.com/512719286/posts/10157211334549287/', 'display_url': 'facebook.com/512719286/post‚Ä¶', 'indices': [86, 109]}]",0.0,0,0,1
1121152942403477506,Wed Apr 24 20:44:26 +0000 2019,thrilled see linda kelen art featured river arts inc.! https://t.co/lwcqycvzj1,0,0,voiceriver,515,,en,"[{'url': 'https://t.co/lWcqycVZj1', 'expanded_url': 'https://www.facebook.com/voiceoftherivervalley/posts/2119674514753680', 'display_url': 'facebook.com/voiceoftherive‚Ä¶', 'indices': [64, 87]}]","[{'url': 'https://t.co/lWcqycVZj1', 'expanded_url': 'https://www.facebook.com/voiceoftherivervalley/posts/2119674514753680', 'display_url': 'facebook.com/voiceoftherive‚Ä¶', 'indices': [64, 87]}]",0.75,1,0,0
1121152815513133059,Wed Apr 24 20:43:55 +0000 2019,"facebook, inc. beats $0.27, beats revenue $fb https://t.co/v9uxq8icej",0,0,IngMrB,27,,en,"[{'url': 'https://t.co/V9uxQ8iCej', 'expanded_url': 'https://seekingalpha.com/news/3453709', 'display_url': 'seekingalpha.com/news/3453709', 'indices': [52, 75]}]","[{'url': 'https://t.co/V9uxQ8iCej', 'expanded_url': 'https://seekingalpha.com/news/3453709', 'display_url': 'seekingalpha.com/news/3453709', 'indices': [52, 75]}]",0.0,0,0,1
1121152786601783299,Wed Apr 24 20:43:48 +0000 2019,$fb #earningsreport - facebook inc earnings q12019: better expected #stocks #nasdaq ‚úÖ eps $1.89 beats $0‚Ä¶ https://t.co/tu8aov07ff,1,1,ArianaMhq,9,"Distrito Federal, M√©xico",en,"[{'url': 'https://t.co/TU8AOv07ff', 'expanded_url': 'https://twitter.com/i/web/status/1121152786601783299', 'display_url': 'twitter.com/i/web/status/1‚Ä¶', 'indices': [117, 140]}]","[{'url': 'https://t.co/TU8AOv07ff', 'expanded_url': 'https://twitter.com/i/web/status/1121152786601783299', 'display_url': 'twitter.com/i/web/status/1‚Ä¶', 'indices': [117, 140]}]",0.2,1,0,0
1121150608818561025,Wed Apr 24 20:35:09 +0000 2019,#podcast sponsor @tedcorvsupplies #langley provides #rv needs. best prices town. #facebook: ‚Ä¶ https://t.co/l19u6vauoh,0,0,TODDCastPodcast,8266,"Vancouver, BC, Canada",en,"[{'url': 'https://t.co/l19u6VAUOH', 'expanded_url': 'https://twitter.com/i/web/status/1121150608818561025', 'display_url': 'twitter.com/i/web/status/1‚Ä¶', 'indices': [109, 132]}]","[{'url': 'https://t.co/l19u6VAUOH', 'expanded_url': 'https://twitter.com/i/web/status/1121150608818561025', 'display_url': 'twitter.com/i/web/status/1‚Ä¶', 'indices': [109, 132]}]",1.0,1,0,0
1121148436634640384,Wed Apr 24 20:26:31 +0000 2019,surround books ever time read https://t.co/c6nw732xpc,1,0,SilversReviews,1711,USA,en,"[{'url': 'https://t.co/c6nW732Xpc', 'expanded_url': 'http://on.inc.com/FneziG4', 'display_url': 'on.inc.com/FneziG4', 'indices': [84, 107]}]","[{'url': 'https://t.co/c6nW732Xpc', 'expanded_url': 'http://on.inc.com/FneziG4', 'display_url': 'on.inc.com/FneziG4', 'indices': [84, 107]}]",0.0,0,0,1
1121148420603826176,Wed Apr 24 20:26:28 +0000 2019,public health/administration professionals https://t.co/vleztpecc2,0,0,fuscopersonnel,340,"Albany, NY ",en,"[{'url': 'https://t.co/VlEztPeCC2', 'expanded_url': 'http://search.jobcast.net/Share/Job3705941?source=Facebook%20Page%20(Fusco%20Personnel%20Inc.)&_=636917343792252448', 'display_url': 'search.jobcast.net/Share/Job37059‚Ä¶', 'indices': [43, 66]}]","[{'url': 'https://t.co/VlEztPeCC2', 'expanded_url': 'http://search.jobcast.net/Share/Job3705941?source=Facebook%20Page%20(Fusco%20Personnel%20Inc.)&_=636917343792252448', 'display_url': 'search.jobcast.net/Share/Job37059‚Ä¶', 'indices': [43, 66]}]",0.0,0,0,1
1121147664387780609,Wed Apr 24 20:23:27 +0000 2019,"copeland auto body, inc. hiring!! looking experienced combo (paint body) technicians. offer co‚Ä¶ https://t.co/7gzjpmsj0g",0,0,AutoCopeland,74,"Iowa, USA",en,"[{'url': 'https://t.co/7gZJpmsJ0G', 'expanded_url': 'https://twitter.com/i/web/status/1121147664387780609', 'display_url': 'twitter.com/i/web/status/1‚Ä¶', 'indices': [117, 140]}]","[{'url': 'https://t.co/7gZJpmsJ0G', 'expanded_url': 'https://twitter.com/i/web/status/1121147664387780609', 'display_url': 'twitter.com/i/web/status/1‚Ä¶', 'indices': [117, 140]}]",0.8,1,0,0
1121147572834279424,Wed Apr 24 20:23:05 +0000 2019,facebook revenue jumps u.s. privacy penalty looms: facebook inc beat analysts' estimates quarterly revenue o‚Ä¶ https://t.co/4wiepql3cj,0,1,cahulaan,13059,"√úT: 48.195723,-122.119899",en,"[{'url': 'https://t.co/4wiepql3cJ', 'expanded_url': 'https://twitter.com/i/web/status/1121147572834279424', 'display_url': 'twitter.com/i/web/status/1‚Ä¶', 'indices': [117, 140]}]","[{'url': 'https://t.co/4wiepql3cJ', 'expanded_url': 'https://twitter.com/i/web/status/1121147572834279424', 'display_url': 'twitter.com/i/web/status/1‚Ä¶', 'indices': [117, 140]}]",0.0,0,0,1
1121147447302971392,Wed Apr 24 20:22:36 +0000 2019,"woman does. read incredible work goodness sake, inc. https://t.co/zwqdare1ce",0,0,jess_yoga,1460,Earth,en,"[{'url': 'https://t.co/ZWqDArE1CE', 'expanded_url': 'https://www.facebook.com/story.php?story_fbid=1290534364435771&id=100004376586327', 'display_url': 'facebook.com/story.php?stor‚Ä¶', 'indices': [87, 110]}]","[{'url': 'https://t.co/ZWqDArE1CE', 'expanded_url': 'https://www.facebook.com/story.php?story_fbid=1290534364435771&id=100004376586327', 'display_url': 'facebook.com/story.php?stor‚Ä¶', 'indices': [87, 110]}]",0.9,1,0,0
1121147419935162368,Wed Apr 24 20:22:29 +0000 2019,"chipotle earnings: $3.40 per share, vs $3.01 expected facebook jumps reporting first-quarter earnings, faceb‚Ä¶ https://t.co/t0c9nl3iur",0,0,itradeph,11119,Online Trading ,en,"[{'url': 'https://t.co/t0c9nL3Iur', 'expanded_url': 'https://twitter.com/i/web/status/1121147419935162368', 'display_url': 'twitter.com/i/web/status/1‚Ä¶', 'indices': [117, 140]}]","[{'url': 'https://t.co/t0c9nL3Iur', 'expanded_url': 'https://twitter.com/i/web/status/1121147419935162368', 'display_url': 'twitter.com/i/web/status/1‚Ä¶', 'indices': [117, 140]}]",-0.1,0,1,0
1121147184550821889,Wed Apr 24 20:21:33 +0000 2019,"facebook earnings account expected multibillion-dollar ftc fine, stock still gains: facebook inc. shares ju‚Ä¶ https://t.co/bpanuqwgfg",0,0,FinanzLinksCom,1101,,en,"[{'url': 'https://t.co/bpaNUQWGFg', 'expanded_url': 'https://twitter.com/i/web/status/1121147184550821889', 'display_url': 'twitter.com/i/web/status/1‚Ä¶', 'indices': [117, 140]}]","[{'url': 'https://t.co/bpaNUQWGFg', 'expanded_url': 'https://twitter.com/i/web/status/1121147184550821889', 'display_url': 'twitter.com/i/web/status/1‚Ä¶', 'indices': [117, 140]}]",0.15833333333333333,1,0,0
1121146911967391744,Wed Apr 24 20:20:28 +0000 2019,"$fb hours earning fb - facebook, inc. nasdaqgs - nasdaqgs real time price. currency usd 182.58 -1.20 (-‚Ä¶ https://t.co/pdgaymj6e7",7,1,johnscharts,41561,"Virginia Beach, VA",en,"[{'url': 'https://t.co/PdgAYmj6E7', 'expanded_url': 'https://twitter.com/i/web/status/1121146911967391744', 'display_url': 'twitter.com/i/web/status/1‚Ä¶', 'indices': [117, 140]}]","[{'url': 'https://t.co/PdgAYmj6E7', 'expanded_url': 'https://twitter.com/i/web/status/1121146911967391744', 'display_url': 'twitter.com/i/web/status/1‚Ä¶', 'indices': [117, 140]}]",0.2,1,0,0
1121146824071368704,Wed Apr 24 20:20:07 +0000 2019,end user support https://t.co/ud1rvborf8,0,0,fuscopersonnel,340,"Albany, NY ",en,"[{'url': 'https://t.co/Ud1RvBoRF8', 'expanded_url': 'http://search.jobcast.net/Share/Job3967937?source=Facebook%20Page%20(Fusco%20Personnel%20Inc.)&_=636917340009983487', 'display_url': 'search.jobcast.net/Share/Job39679‚Ä¶', 'indices': [17, 40]}]","[{'url': 'https://t.co/Ud1RvBoRF8', 'expanded_url': 'http://search.jobcast.net/Share/Job3967937?source=Facebook%20Page%20(Fusco%20Personnel%20Inc.)&_=636917340009983487', 'display_url': 'search.jobcast.net/Share/Job39679‚Ä¶', 'indices': [17, 40]}]",0.0,0,0,1
1121146547251470336,Wed Apr 24 20:19:01 +0000 2019,"facebook, inc. beats $0.27, beats revenue $fb https://t.co/6gmwwxgqi1",0,0,maihamakid,370,ÂçÉËëâÁúåÊµ¶ÂÆâÂ∏ÇËàûÊµú,en,"[{'url': 'https://t.co/6GmwWXGQI1', 'expanded_url': 'https://seekingalpha.com/news/3453709', 'display_url': 'seekingalpha.com/news/3453709', 'indices': [52, 75]}]","[{'url': 'https://t.co/6GmwWXGQI1', 'expanded_url': 'https://seekingalpha.com/news/3453709', 'display_url': 'seekingalpha.com/news/3453709', 'indices': [52, 75]}]",0.0,0,0,1
1121146021864562689,Wed Apr 24 20:16:56 +0000 2019,"$fb - facebook, inc. gaap eps $0.85 misses $0.76. https://t.co/jqgwabv6nu",0,1,AutonomousCNS,487,"Los Angeles, CA",en,"[{'url': 'https://t.co/JQgwabV6nU', 'expanded_url': 'https://seekingalpha.com/news/3453709-facebook-inc-beats-0_27-beats-revenue?source=tweet', 'display_url': 'seekingalpha.com/news/3453709-f‚Ä¶', 'indices': [57, 80]}]","[{'url': 'https://t.co/JQgwabV6nU', 'expanded_url': 'https://seekingalpha.com/news/3453709-facebook-inc-beats-0_27-beats-revenue?source=tweet', 'display_url': 'seekingalpha.com/news/3453709-f‚Ä¶', 'indices': [57, 80]}]",0.0,0,0,1
1121145937370451971,Wed Apr 24 20:16:36 +0000 2019,one day reprieve guilt https://t.co/auusua8ric,0,0,supriyozown,1852,"London, UK",en,"[{'url': 'https://t.co/AUusUa8RIc', 'expanded_url': 'http://on.inc.com/FneziG4', 'display_url': 'on.inc.com/FneziG4', 'indices': [31, 54]}]","[{'url': 'https://t.co/AUusUa8RIc', 'expanded_url': 'http://on.inc.com/FneziG4', 'display_url': 'on.inc.com/FneziG4', 'indices': [31, 54]}]",0.0,0,0,1
1121145740301144065,Wed Apr 24 20:15:49 +0000 2019,"$fb - facebook, inc. beats eps $0.27, beats revenue 110m https://t.co/9hk2m84wkh",0,0,MKucala,1374,Chicago (The Loop),en,"[{'url': 'https://t.co/9HK2m84WKh', 'expanded_url': 'https://seekingalpha.com/news/3453709-facebook-inc-beats-0_27-beats-revenue?source=tweet', 'display_url': 'seekingalpha.com/news/3453709-f‚Ä¶', 'indices': [63, 86]}]","[{'url': 'https://t.co/9HK2m84WKh', 'expanded_url': 'https://seekingalpha.com/news/3453709-facebook-inc-beats-0_27-beats-revenue?source=tweet', 'display_url': 'seekingalpha.com/news/3453709-f‚Ä¶', 'indices': [63, 86]}]",0.0,0,0,1
1121145350490927104,Wed Apr 24 20:14:16 +0000 2019,lot's taking photos cafe otis grand opening ribbon cutting. much support. great photos co‚Ä¶ https://t.co/kko9pmczct,0,0,GNAChamber,635,"Norwich, CT",en,"[{'url': 'https://t.co/kkO9PmcZCt', 'expanded_url': 'https://twitter.com/i/web/status/1121145350490927104', 'display_url': 'twitter.com/i/web/status/1‚Ä¶', 'indices': [117, 140]}]","[{'url': 'https://t.co/kkO9PmcZCt', 'expanded_url': 'https://twitter.com/i/web/status/1121145350490927104', 'display_url': 'twitter.com/i/web/status/1‚Ä¶', 'indices': [117, 140]}]",0.22500000000000003,1,0,0
1121145089428901888,Wed Apr 24 20:13:13 +0000 2019,"$fb - facebook, inc. beats $0.27, beats revenue https://t.co/ovetrgd3km",0,0,kyookine,1666,Chiba„ÄÄJapan,en,"[{'url': 'https://t.co/oVEtrGd3km', 'expanded_url': 'https://seekingalpha.com/news/3453709-facebook-inc-beats-0_27-beats-revenue?source=tweet', 'display_url': 'seekingalpha.com/news/3453709-f‚Ä¶', 'indices': [54, 77]}]","[{'url': 'https://t.co/oVEtrGd3km', 'expanded_url': 'https://seekingalpha.com/news/3453709-facebook-inc-beats-0_27-beats-revenue?source=tweet', 'display_url': 'seekingalpha.com/news/3453709-f‚Ä¶', 'indices': [54, 77]}]",0.0,0,0,1
1121144974228230144,Wed Apr 24 20:12:46 +0000 2019,"right here, right now. earth month terrarium building san francisco office. #ilovemyjob ‚Äî workday inc. https://t.co/kn75n2zzng",0,0,artmakerpoet,430,"pacifica, ca",en,"[{'url': 'https://t.co/kN75N2Zzng', 'expanded_url': 'https://www.facebook.com/616346706/posts/10155806748576707/', 'display_url': 'facebook.com/616346706/post‚Ä¶', 'indices': [113, 136]}]","[{'url': 'https://t.co/kN75N2Zzng', 'expanded_url': 'https://www.facebook.com/616346706/posts/10155806748576707/', 'display_url': 'facebook.com/616346706/post‚Ä¶', 'indices': [113, 136]}]",0.2857142857142857,1,0,0
1121144952375758850,Wed Apr 24 20:12:41 +0000 2019,surround books ever time read https://t.co/vk5er1fsc6,0,0,MarkDworkin2,30,Long Island,en,"[{'url': 'https://t.co/vk5eR1FsC6', 'expanded_url': 'http://on.inc.com/FneziG4', 'display_url': 'on.inc.com/FneziG4', 'indices': [84, 107]}]","[{'url': 'https://t.co/vk5eR1FsC6', 'expanded_url': 'http://on.inc.com/FneziG4', 'display_url': 'on.inc.com/FneziG4', 'indices': [84, 107]}]",0.0,0,0,1
1121144791926837249,Wed Apr 24 20:12:02 +0000 2019,"business analyst, information management https://t.co/3kdank8ywy",0,0,fuscopersonnel,340,"Albany, NY ",en,"[{'url': 'https://t.co/3kDaNK8Ywy', 'expanded_url': 'http://search.jobcast.net/Share/Job3967935?source=Facebook%20Page%20(Fusco%20Personnel%20Inc.)&_=636917335157965172', 'display_url': 'search.jobcast.net/Share/Job39679‚Ä¶', 'indices': [41, 64]}]","[{'url': 'https://t.co/3kDaNK8Ywy', 'expanded_url': 'http://search.jobcast.net/Share/Job3967935?source=Facebook%20Page%20(Fusco%20Personnel%20Inc.)&_=636917335157965172', 'display_url': 'search.jobcast.net/Share/Job39679‚Ä¶', 'indices': [41, 64]}]",0.0,0,0,1
1121144051695280128,Wed Apr 24 20:09:06 +0000 2019,"$fb facebook, inc. beats $0.27, beats revenue facebook, inc. (nasdaq:fb): q1 non-gaap eps $1.89 beats $‚Ä¶ https://t.co/ijpmntpmty",0,0,7LadyQ,1189,,en,"[{'url': 'https://t.co/iJPmNtpMty', 'expanded_url': 'https://twitter.com/i/web/status/1121144051695280128', 'display_url': 'twitter.com/i/web/status/1‚Ä¶', 'indices': [117, 140]}]","[{'url': 'https://t.co/iJPmNtpMty', 'expanded_url': 'https://twitter.com/i/web/status/1121144051695280128', 'display_url': 'twitter.com/i/web/status/1‚Ä¶', 'indices': [117, 140]}]",0.0,0,0,1
1121143631916589059,Wed Apr 24 20:07:26 +0000 2019,"$fb - facebook, inc. beats $0.27, beats revenue https://t.co/qyfhpqfknj",0,2,MarketCurrents,38017,New York,en,"[{'url': 'https://t.co/QYFHPqFKNj', 'expanded_url': 'https://seekingalpha.com/news/3453709-facebook-inc-beats-0_27-beats-revenue?source=feed_f', 'display_url': 'seekingalpha.com/news/3453709-f‚Ä¶', 'indices': [54, 77]}]","[{'url': 'https://t.co/QYFHPqFKNj', 'expanded_url': 'https://seekingalpha.com/news/3453709-facebook-inc-beats-0_27-beats-revenue?source=feed_f', 'display_url': 'seekingalpha.com/news/3453709-f‚Ä¶', 'indices': [54, 77]}]",0.0,0,0,1
1121143071180247045,Wed Apr 24 20:05:12 +0000 2019,"spring microchip clinic - sat, may 4! spots limited! cost = $35 (paid time appointment) location = w‚Ä¶ https://t.co/slwfjlkzmh",0,0,GuelphHumane,3022,"Guelph, Ontario",en,"[{'url': 'https://t.co/sLWfjLKzMH', 'expanded_url': 'https://twitter.com/i/web/status/1121143071180247045', 'display_url': 'twitter.com/i/web/status/1‚Ä¶', 'indices': [117, 140]}]","[{'url': 'https://t.co/sLWfjLKzMH', 'expanded_url': 'https://twitter.com/i/web/status/1121143071180247045', 'display_url': 'twitter.com/i/web/status/1‚Ä¶', 'indices': [117, 140]}]",-0.08928571428571427,0,1,0
1121143009758806017,Wed Apr 24 20:04:58 +0000 2019,"students exploring career opportunities tuesday, april 23, representatives nationally recognized acme‚Ä¶ https://t.co/lqh2bb2mog",0,0,CheltenhamSD,661,"Cheltenham Township, PA",en,"[{'url': 'https://t.co/lqh2Bb2MoG', 'expanded_url': 'https://twitter.com/i/web/status/1121143009758806017', 'display_url': 'twitter.com/i/web/status/1‚Ä¶', 'indices': [116, 139]}]","[{'url': 'https://t.co/lqh2Bb2MoG', 'expanded_url': 'https://twitter.com/i/web/status/1121143009758806017', 'display_url': 'twitter.com/i/web/status/1‚Ä¶', 'indices': [116, 139]}]",0.0,0,0,1
1121142611648106496,Wed Apr 24 20:03:23 +0000 2019,sound production. dj services. office conferences parties. weddings fashion shows. anything n‚Ä¶ https://t.co/2hiyfjzgjz,3,0,HeavyboysM,4,,en,"[{'url': 'https://t.co/2hIYFJzgjZ', 'expanded_url': 'https://twitter.com/i/web/status/1121142611648106496', 'display_url': 'twitter.com/i/web/status/1‚Ä¶', 'indices': [117, 140]}]","[{'url': 'https://t.co/2hIYFJzgjZ', 'expanded_url': 'https://twitter.com/i/web/status/1121142611648106496', 'display_url': 'twitter.com/i/web/status/1‚Ä¶', 'indices': [117, 140]}]",0.4,1,0,0
